metric,method,cluster,value
der,sb_ecapa_tdnn,sc,0.47588534813204453
der_skip,sb_ecapa_tdnn,sc,0.3664380654908403
coverage,sb_ecapa_tdnn,sc,0.7178104155478255
purity,sb_ecapa_tdnn,sc,0.7500668964119211
der,sb_ecapa_tdnn,sc,0.327028477525743
der_skip,sb_ecapa_tdnn,sc,0.24176703469937602
coverage,sb_ecapa_tdnn,sc,0.8260207636770316
purity,sb_ecapa_tdnn,sc,0.8564510787352929
der,sb_ecapa_tdnn,sc,0.337305280574595
der_skip,sb_ecapa_tdnn,sc,0.24150514587683336
coverage,sb_ecapa_tdnn,sc,0.8243761766010775
purity,sb_ecapa_tdnn,sc,0.8493312565400967
der,sb_ecapa_tdnn,sc,0.584882509611874
der_skip,sb_ecapa_tdnn,sc,0.5207966830704869
coverage,sb_ecapa_tdnn,sc,0.5771878707931449
purity,sb_ecapa_tdnn,sc,0.5977856151929927
der,sb_ecapa_tdnn,sc,0.6871303747627332
der_skip,sb_ecapa_tdnn,sc,0.6591282184205974
coverage,sb_ecapa_tdnn,sc,0.4628085091117814
purity,sb_ecapa_tdnn,sc,0.6432138780169588
der,sb_ecapa_tdnn,sc,0.6098251085495144
der_skip,sb_ecapa_tdnn,sc,0.5766363832425725
coverage,sb_ecapa_tdnn,sc,0.5770371768258161
purity,sb_ecapa_tdnn,sc,0.582470841169536
der,sb_ecapa_tdnn,sc,0.34827435068169216
der_skip,sb_ecapa_tdnn,sc,0.30330071075056697
coverage,sb_ecapa_tdnn,sc,0.7894907821002195
purity,sb_ecapa_tdnn,sc,0.7485285787702713
der,sb_ecapa_tdnn,sc,0.5914808263314157
der_skip,sb_ecapa_tdnn,sc,0.5488154747240341
coverage,sb_ecapa_tdnn,sc,0.49435623526466277
purity,sb_ecapa_tdnn,sc,0.5598955909274258
der,sb_ecapa_tdnn,sc,0.5992513287485951
der_skip,sb_ecapa_tdnn,sc,0.5477649603460695
coverage,sb_ecapa_tdnn,sc,0.6291465010489591
purity,sb_ecapa_tdnn,sc,0.8367421501694259
der,sb_ecapa_tdnn,sc,0.46663432964802803
der_skip,sb_ecapa_tdnn,sc,0.4350580781414988
coverage,sb_ecapa_tdnn,sc,0.6510005230616539
purity,sb_ecapa_tdnn,sc,0.687115456682452
der,sb_ecapa_tdnn,sc,0.41011451092188655
der_skip,sb_ecapa_tdnn,sc,0.372113655071493
coverage,sb_ecapa_tdnn,sc,0.7639489611595287
purity,sb_ecapa_tdnn,sc,0.79226365619096
der,sb_ecapa_tdnn,sc,0.44204223212477234
der_skip,sb_ecapa_tdnn,sc,0.36795654443953446
coverage,sb_ecapa_tdnn,sc,0.7518678199394798
purity,sb_ecapa_tdnn,sc,0.8001837013316567
der,sb_ecapa_tdnn,sc,0.5679003275741369
der_skip,sb_ecapa_tdnn,sc,0.393512857204807
coverage,sb_ecapa_tdnn,sc,0.592010270143424
purity,sb_ecapa_tdnn,sc,0.6254091684947274
der,sb_ecapa_tdnn,sc,0.6072970578895468
der_skip,sb_ecapa_tdnn,sc,0.49731376879299916
coverage,sb_ecapa_tdnn,sc,0.5770151996746162
purity,sb_ecapa_tdnn,sc,0.5994698707082791
der,sb_ecapa_tdnn,sc,0.6715361737893577
der_skip,sb_ecapa_tdnn,sc,0.6394926204998055
coverage,sb_ecapa_tdnn,sc,0.4738109754127139
purity,sb_ecapa_tdnn,sc,0.4790651220376587
der,sb_ecapa_tdnn,sc,0.7275160555886497
der_skip,sb_ecapa_tdnn,sc,0.6557966505475722
coverage,sb_ecapa_tdnn,sc,0.39845566931921006
purity,sb_ecapa_tdnn,sc,0.43582169146835775
der,sb_ecapa_tdnn,ac,0.5022140854739973
der_skip,sb_ecapa_tdnn,ac,0.3927073961533875
coverage,sb_ecapa_tdnn,ac,0.6846693285388521
purity,sb_ecapa_tdnn,ac,0.7127508615447009
der,sb_ecapa_tdnn,ac,0.3375888141646728
der_skip,sb_ecapa_tdnn,ac,0.2545397003588788
coverage,sb_ecapa_tdnn,ac,0.8144473266619422
purity,sb_ecapa_tdnn,ac,0.8431828285510533
der,sb_ecapa_tdnn,ac,0.3399164245894115
der_skip,sb_ecapa_tdnn,ac,0.24491417379575597
coverage,sb_ecapa_tdnn,ac,0.8215343477583132
purity,sb_ecapa_tdnn,ac,0.8459905461805862
der,sb_ecapa_tdnn,ac,0.5917960779259839
der_skip,sb_ecapa_tdnn,ac,0.5306777230983868
coverage,sb_ecapa_tdnn,ac,0.5730706857102065
purity,sb_ecapa_tdnn,ac,0.5880518479037425
der,sb_ecapa_tdnn,ac,0.6639449699593706
der_skip,sb_ecapa_tdnn,ac,0.6354544669085886
coverage,sb_ecapa_tdnn,ac,0.5414424594633375
purity,sb_ecapa_tdnn,ac,0.6450994781474219
der,sb_ecapa_tdnn,ac,0.6455197152366056
der_skip,sb_ecapa_tdnn,ac,0.6219604248665553
coverage,sb_ecapa_tdnn,ac,0.5374448009058315
purity,sb_ecapa_tdnn,ac,0.529615743932638
der,sb_ecapa_tdnn,ac,0.38545699656663107
der_skip,sb_ecapa_tdnn,ac,0.34789937855840364
coverage,sb_ecapa_tdnn,ac,0.7319870479768645
purity,sb_ecapa_tdnn,ac,0.7353805063414599
der,sb_ecapa_tdnn,ac,0.5646945479815525
der_skip,sb_ecapa_tdnn,ac,0.5109949058658044
coverage,sb_ecapa_tdnn,ac,0.5237121575664
purity,sb_ecapa_tdnn,ac,0.5725511185578204
der,sb_ecapa_tdnn,ac,0.519250185739051
der_skip,sb_ecapa_tdnn,ac,0.46531153336279174
coverage,sb_ecapa_tdnn,ac,0.7517949996191896
purity,sb_ecapa_tdnn,ac,0.838647744449777
der,sb_ecapa_tdnn,ac,0.4455511510306026
der_skip,sb_ecapa_tdnn,ac,0.4131090662241658
coverage,sb_ecapa_tdnn,ac,0.6739649414573301
purity,sb_ecapa_tdnn,ac,0.6972098252308118
der,sb_ecapa_tdnn,ac,0.46969422977709624
der_skip,sb_ecapa_tdnn,ac,0.43727630255175276
coverage,sb_ecapa_tdnn,ac,0.6954293897936715
purity,sb_ecapa_tdnn,ac,0.7125519901232099
der,sb_ecapa_tdnn,ac,0.4943006886773336
der_skip,sb_ecapa_tdnn,ac,0.4264361353200242
coverage,sb_ecapa_tdnn,ac,0.6923118121200772
purity,sb_ecapa_tdnn,ac,0.7264172521997719
der,sb_ecapa_tdnn,ac,0.5789678389614438
der_skip,sb_ecapa_tdnn,ac,0.4130740210745441
coverage,sb_ecapa_tdnn,ac,0.6006625898982653
purity,sb_ecapa_tdnn,ac,0.6094262435757807
der,sb_ecapa_tdnn,ac,0.6243140553881121
der_skip,sb_ecapa_tdnn,ac,0.506455448908518
coverage,sb_ecapa_tdnn,ac,0.5527958965397772
purity,sb_ecapa_tdnn,ac,0.5740893076744106
der,sb_ecapa_tdnn,ac,0.6805699230620028
der_skip,sb_ecapa_tdnn,ac,0.6518973031332493
coverage,sb_ecapa_tdnn,ac,0.5469911651223761
purity,sb_ecapa_tdnn,ac,0.4662031859123943
der,sb_ecapa_tdnn,ac,0.7405420954277266
der_skip,sb_ecapa_tdnn,ac,0.6672192789076918
coverage,sb_ecapa_tdnn,ac,0.3909149307148758
purity,sb_ecapa_tdnn,ac,0.4392191287101422
der,sb_ecapa_tdnn,km,0.48695005435093563
der_skip,sb_ecapa_tdnn,km,0.3770900881019864
coverage,sb_ecapa_tdnn,km,0.7046722861746111
purity,sb_ecapa_tdnn,km,0.7343847557267399
der,sb_ecapa_tdnn,km,0.32142891067289886
der_skip,sb_ecapa_tdnn,km,0.23824693820275233
coverage,sb_ecapa_tdnn,km,0.8345698241587068
purity,sb_ecapa_tdnn,km,0.8634865035013011
der,sb_ecapa_tdnn,km,0.33610899587293785
der_skip,sb_ecapa_tdnn,km,0.24128957952243002
coverage,sb_ecapa_tdnn,km,0.8256801803422193
purity,sb_ecapa_tdnn,km,0.8508617890090344
der,sb_ecapa_tdnn,km,0.6029544429409118
der_skip,sb_ecapa_tdnn,km,0.5394427868407818
coverage,sb_ecapa_tdnn,km,0.5442911879999867
purity,sb_ecapa_tdnn,km,0.5764922904782959
der,sb_ecapa_tdnn,km,0.6899226630272792
der_skip,sb_ecapa_tdnn,km,0.6620226369448757
coverage,sb_ecapa_tdnn,km,0.44940988664083725
purity,sb_ecapa_tdnn,km,0.6283329256360065
der,sb_ecapa_tdnn,km,0.6129603711621967
der_skip,sb_ecapa_tdnn,km,0.5803903596268937
coverage,sb_ecapa_tdnn,km,0.5671070013210037
purity,sb_ecapa_tdnn,km,0.5778282739685794
der,sb_ecapa_tdnn,km,0.35779082354347413
der_skip,sb_ecapa_tdnn,km,0.314293156700033
coverage,sb_ecapa_tdnn,km,0.7775592427939365
purity,sb_ecapa_tdnn,km,0.7455013335634095
der,sb_ecapa_tdnn,km,0.593742497946806
der_skip,sb_ecapa_tdnn,km,0.5498366857133776
coverage,sb_ecapa_tdnn,km,0.5117013360039501
purity,sb_ecapa_tdnn,km,0.5637624499674208
der,sb_ecapa_tdnn,km,0.6388518469129214
der_skip,sb_ecapa_tdnn,km,0.5989080633532563
coverage,sb_ecapa_tdnn,km,0.5746629831958969
purity,sb_ecapa_tdnn,km,0.8330169282679862
der,sb_ecapa_tdnn,km,0.4493925658309217
der_skip,sb_ecapa_tdnn,km,0.41566727007592835
coverage,sb_ecapa_tdnn,km,0.6685867947050066
purity,sb_ecapa_tdnn,km,0.6979831703744085
der,sb_ecapa_tdnn,km,0.4264747336677018
der_skip,sb_ecapa_tdnn,km,0.3899149416176348
coverage,sb_ecapa_tdnn,km,0.7464502385698765
purity,sb_ecapa_tdnn,km,0.7703753251050471
der,sb_ecapa_tdnn,km,0.47631405711970853
der_skip,sb_ecapa_tdnn,km,0.40117742345743346
coverage,sb_ecapa_tdnn,km,0.7099289023377876
purity,sb_ecapa_tdnn,km,0.7518066346916757
der,sb_ecapa_tdnn,km,0.5708454697101966
der_skip,sb_ecapa_tdnn,km,0.3987207840076348
coverage,sb_ecapa_tdnn,km,0.5895062324862317
purity,sb_ecapa_tdnn,km,0.6211560004618261
der,sb_ecapa_tdnn,km,0.6013805244655894
der_skip,sb_ecapa_tdnn,km,0.48362779240635073
coverage,sb_ecapa_tdnn,km,0.5859067833632114
purity,sb_ecapa_tdnn,km,0.608294279921561
der,sb_ecapa_tdnn,km,0.6670831447598109
der_skip,sb_ecapa_tdnn,km,0.6334782289199534
coverage,sb_ecapa_tdnn,km,0.48026748071342495
purity,sb_ecapa_tdnn,km,0.4854051889593089
der,sb_ecapa_tdnn,km,0.7287523563157415
der_skip,sb_ecapa_tdnn,km,0.6575611577300501
coverage,sb_ecapa_tdnn,km,0.39736493661427147
purity,sb_ecapa_tdnn,km,0.4505319356104749
der,tr_unisat,sc,0.688225871045255
der_skip,tr_unisat,sc,0.6493914342460406
coverage,tr_unisat,sc,0.6818362248114511
purity,tr_unisat,sc,0.4564848976282179
der,tr_unisat,sc,0.7623769900072184
der_skip,tr_unisat,sc,0.7588241265443347
coverage,tr_unisat,sc,0.8003677267111307
purity,tr_unisat,sc,0.3207354077592573
der,tr_unisat,sc,0.7285138806629636
der_skip,tr_unisat,sc,0.7186705099068142
coverage,tr_unisat,sc,0.8091837835893394
purity,tr_unisat,sc,0.36945369913761034
der,tr_unisat,sc,0.7558449857164333
der_skip,tr_unisat,sc,0.7420234820010088
coverage,tr_unisat,sc,0.46412337275994214
purity,tr_unisat,sc,0.3950397477914753
der,tr_unisat,sc,0.6835615793684404
der_skip,tr_unisat,sc,0.6650358562294798
coverage,tr_unisat,sc,0.6073145358014064
purity,tr_unisat,sc,0.639381523157207
der,tr_unisat,sc,0.764871834431686
der_skip,tr_unisat,sc,0.750512212217609
coverage,tr_unisat,sc,0.6648009058312889
purity,tr_unisat,sc,0.4025162877412566
der,tr_unisat,sc,0.6509619407494975
der_skip,tr_unisat,sc,0.6298180329698961
coverage,tr_unisat,sc,0.6402741535104288
purity,tr_unisat,sc,0.4245270632720503
der,tr_unisat,sc,0.7039326552530164
der_skip,tr_unisat,sc,0.6803927490046173
coverage,tr_unisat,sc,0.6088693692753874
purity,tr_unisat,sc,0.4412912283967856
der,tr_unisat,sc,0.692144666907969
der_skip,tr_unisat,sc,0.6718259413447454
coverage,tr_unisat,sc,0.6166905538361405
purity,tr_unisat,sc,0.8197637349647886
der,tr_unisat,sc,0.7056021097116986
der_skip,tr_unisat,sc,0.7014444109217076
coverage,tr_unisat,sc,0.5527420501334477
purity,tr_unisat,sc,0.40636391510237513
der,tr_unisat,sc,0.7505917018141975
der_skip,tr_unisat,sc,0.7431297826285781
coverage,tr_unisat,sc,0.6128043295214931
purity,tr_unisat,sc,0.3850844828383684
der,tr_unisat,sc,0.7431993113226655
der_skip,tr_unisat,sc,0.7447420913825178
coverage,tr_unisat,sc,0.7081179873068594
purity,tr_unisat,sc,0.4929521590267409
der,tr_unisat,sc,0.771562416269803
der_skip,tr_unisat,sc,0.7396860500411949
coverage,tr_unisat,sc,0.43139019643029897
purity,tr_unisat,sc,0.376965490986592
der,tr_unisat,sc,0.7128002139311521
der_skip,tr_unisat,sc,0.6597989042724872
coverage,tr_unisat,sc,0.547820978262506
purity,tr_unisat,sc,0.4487444743576956
der,tr_unisat,sc,0.7238378483222342
der_skip,tr_unisat,sc,0.7128495441159017
coverage,tr_unisat,sc,0.5876044577246461
purity,tr_unisat,sc,0.404599827863156
der,tr_unisat,sc,0.7988767208245259
der_skip,tr_unisat,sc,0.7599336865310753
coverage,tr_unisat,sc,0.43088399166218844
purity,tr_unisat,sc,0.3228763770256545
der,tr_unisat,ac,0.6880942845700562
der_skip,tr_unisat,ac,0.6556553328014394
coverage,tr_unisat,ac,0.6571321829686879
purity,tr_unisat,ac,0.4556740320291913
der,tr_unisat,ac,0.7576513165393828
der_skip,tr_unisat,ac,0.7532140660548042
coverage,tr_unisat,ac,0.749825798253883
purity,tr_unisat,ac,0.3202281888405865
der,tr_unisat,ac,0.7209930338156093
der_skip,tr_unisat,ac,0.7188768377031721
coverage,tr_unisat,ac,0.6772365912442909
purity,tr_unisat,ac,0.3645283313888465
der,tr_unisat,ac,0.7504967029662561
der_skip,tr_unisat,ac,0.7285542682218015
coverage,tr_unisat,ac,0.4981691955679926
purity,tr_unisat,ac,0.38558192807974506
der,tr_unisat,ac,0.6047186534268277
der_skip,tr_unisat,ac,0.5638716087782961
coverage,tr_unisat,ac,0.6945221696082648
purity,tr_unisat,ac,0.6425717547292876
der,tr_unisat,ac,0.7760684137444624
der_skip,tr_unisat,ac,0.7649013317517656
coverage,tr_unisat,ac,0.5834572560860544
purity,tr_unisat,ac,0.35994990270190896
der,tr_unisat,ac,0.6665714798015691
der_skip,tr_unisat,ac,0.6480445056376293
coverage,tr_unisat,ac,0.8589295866157717
purity,tr_unisat,ac,0.39119360489760957
der,tr_unisat,ac,0.6626855771053128
der_skip,tr_unisat,ac,0.6289666298447921
coverage,tr_unisat,ac,0.6252268981201364
purity,tr_unisat,ac,0.44885429271773797
der,tr_unisat,ac,0.700698188329873
der_skip,tr_unisat,ac,0.683181384747773
coverage,tr_unisat,ac,0.5294089137223137
purity,tr_unisat,ac,0.8202795349203724
der,tr_unisat,ac,0.7006846527394472
der_skip,tr_unisat,ac,0.6970445517172021
coverage,tr_unisat,ac,0.620233768323923
purity,tr_unisat,ac,0.40636391510237513
der,tr_unisat,ac,0.6873952887238931
der_skip,tr_unisat,ac,0.6781531050882604
coverage,tr_unisat,ac,0.6099868300792356
purity,tr_unisat,ac,0.4442064590501061
der,tr_unisat,ac,0.7351326716629523
der_skip,tr_unisat,ac,0.7350897626410678
coverage,tr_unisat,ac,0.7402859973756809
purity,tr_unisat,ac,0.48929957612883457
der,tr_unisat,ac,0.7717655295205669
der_skip,tr_unisat,ac,0.733250943150775
coverage,tr_unisat,ac,0.5861739574562088
purity,tr_unisat,ac,0.3753771839222138
der,tr_unisat,ac,0.7298757082291062
der_skip,tr_unisat,ac,0.687521235029303
coverage,tr_unisat,ac,0.6878380006929481
purity,tr_unisat,ac,0.42108718050985455
der,tr_unisat,ac,0.7432566108489037
der_skip,tr_unisat,ac,0.7467341966773882
coverage,tr_unisat,ac,0.5741787183072187
purity,tr_unisat,ac,0.3769520732364033
der,tr_unisat,ac,0.7833454379279108
der_skip,tr_unisat,ac,0.743973119044232
coverage,tr_unisat,ac,0.541525190419382
purity,tr_unisat,ac,0.34024105626144024
der,tr_unisat,km,0.6874649579495402
der_skip,tr_unisat,km,0.6506306336892494
coverage,tr_unisat,km,0.7254068694982148
purity,tr_unisat,km,0.4580904115142918
der,tr_unisat,km,0.7706457312207914
der_skip,tr_unisat,km,0.7664375668042069
coverage,tr_unisat,km,0.8341745764994528
purity,tr_unisat,km,0.3098600374148541
der,tr_unisat,km,0.7181915183649695
der_skip,tr_unisat,km,0.709416554264211
coverage,tr_unisat,km,0.8505581735554049
purity,tr_unisat,km,0.3662332663788024
der,tr_unisat,km,0.7593594948128102
der_skip,tr_unisat,km,0.7459797729298265
coverage,tr_unisat,km,0.5287336001060745
purity,tr_unisat,km,0.38372589711313493
der,tr_unisat,km,0.6652391485089488
der_skip,tr_unisat,km,0.6455633316053222
coverage,tr_unisat,km,0.5901761371789357
purity,tr_unisat,km,0.6283329256360065
der,tr_unisat,km,0.7571852064093809
der_skip,tr_unisat,km,0.7476074297730089
coverage,tr_unisat,km,0.6661747499528213
purity,tr_unisat,km,0.38153498447718137
der,tr_unisat,km,0.6657446822640308
der_skip,tr_unisat,km,0.6477951847579358
coverage,tr_unisat,km,0.8203454108241903
purity,tr_unisat,km,0.39212766196887205
der,tr_unisat,km,0.6658601301408806
der_skip,tr_unisat,km,0.6335163830852498
coverage,tr_unisat,km,0.6583175113188263
purity,tr_unisat,km,0.4553003506159042
der,tr_unisat,km,0.6971405711237689
der_skip,tr_unisat,km,0.6793439077144914
coverage,tr_unisat,km,0.5847232896440461
purity,tr_unisat,km,0.8202795349203724
der,tr_unisat,km,0.7052062600007806
der_skip,tr_unisat,km,0.7018089706843669
coverage,tr_unisat,km,0.635208084655517
purity,tr_unisat,km,0.40636391510237513
der,tr_unisat,km,0.7380688980251795
der_skip,tr_unisat,km,0.737532392305113
coverage,tr_unisat,km,0.5680661806510113
purity,tr_unisat,km,0.3789968797031268
der,tr_unisat,km,0.7552562284788326
der_skip,tr_unisat,km,0.7560645005823537
coverage,tr_unisat,km,0.6860522721795269
purity,tr_unisat,km,0.4843710909857692
der,tr_unisat,km,0.7406805590368114
der_skip,tr_unisat,km,0.6770218117167519
coverage,tr_unisat,km,0.5527131675938337
purity,tr_unisat,km,0.3937098047536874
der,tr_unisat,km,0.7210259781500528
der_skip,tr_unisat,km,0.6666312749511587
coverage,tr_unisat,km,0.594082822409351
purity,tr_unisat,km,0.4450551733306748
der,tr_unisat,km,0.7263900562487875
der_skip,tr_unisat,km,0.7150116726678691
coverage,tr_unisat,km,0.6003968262517143
purity,tr_unisat,km,0.40096608351858776
der,tr_unisat,km,0.7887251821809484
der_skip,tr_unisat,km,0.7509378111221727
coverage,tr_unisat,km,0.43202978539309667
purity,tr_unisat,km,0.3258753494057472
der,tr_wavlm,sc,0.6934492819955383
der_skip,tr_wavlm,sc,0.6584987013868846
coverage,tr_wavlm,sc,0.8105011635961745
purity,tr_wavlm,sc,0.46590715588891163
der,tr_wavlm,sc,0.735015578099472
der_skip,tr_wavlm,sc,0.7236679465208088
coverage,tr_wavlm,sc,0.7215963321017219
purity,tr_wavlm,sc,0.3513445776805769
der,tr_wavlm,sc,0.7103157815570039
der_skip,tr_wavlm,sc,0.692821024494497
coverage,tr_wavlm,sc,0.6921022338933067
purity,tr_wavlm,sc,0.3817280282892934
der,tr_wavlm,sc,0.736661511695341
der_skip,tr_wavlm,sc,0.7186422288526375
coverage,tr_wavlm,sc,0.6095711803843836
purity,tr_wavlm,sc,0.4139062458655116
der,tr_wavlm,sc,0.7029428835866782
der_skip,tr_wavlm,sc,0.6985916709866944
coverage,tr_wavlm,sc,0.5892972449418856
purity,tr_wavlm,sc,0.6283329256360066
der,tr_wavlm,sc,0.7359987657314149
der_skip,tr_wavlm,sc,0.7203793066264081
coverage,tr_wavlm,sc,0.6182223060954889
purity,tr_wavlm,sc,0.3975106375166753
der,tr_wavlm,sc,0.6588347799523183
der_skip,tr_wavlm,sc,0.648271499274365
coverage,tr_wavlm,sc,0.6671386551506187
purity,tr_wavlm,sc,0.4104036702065798
der,tr_wavlm,sc,0.6586139364457633
der_skip,tr_wavlm,sc,0.6360555030159497
coverage,tr_wavlm,sc,0.552275240459846
purity,tr_wavlm,sc,0.4758331006236622
der,tr_wavlm,sc,0.692868572952585
der_skip,tr_wavlm,sc,0.6748261506616748
coverage,tr_wavlm,sc,0.6138102458647503
purity,tr_wavlm,sc,0.8197637349647885
der,tr_wavlm,sc,0.7106951901472446
der_skip,tr_wavlm,sc,0.7084119022476991
coverage,tr_wavlm,sc,0.6532637706039346
purity,tr_wavlm,sc,0.4091745307123638
der,tr_wavlm,sc,0.7334257008674756
der_skip,tr_wavlm,sc,0.7286576628761321
coverage,tr_wavlm,sc,0.5474836815326048
purity,tr_wavlm,sc,0.38533353732081377
der,tr_wavlm,sc,0.7534864290054686
der_skip,tr_wavlm,sc,0.7436844853206964
coverage,tr_wavlm,sc,0.6927067991323697
purity,tr_wavlm,sc,0.4937670209648259
der,tr_wavlm,sc,0.7467156155195805
der_skip,tr_wavlm,sc,0.6740991283985954
coverage,tr_wavlm,sc,0.5345333572601916
purity,tr_wavlm,sc,0.3763101973058066
der,tr_wavlm,sc,0.7398535908678137
der_skip,tr_wavlm,sc,0.7101896288116869
coverage,tr_wavlm,sc,0.4904117017911213
purity,tr_wavlm,sc,0.4128818094193502
der,tr_wavlm,sc,0.7487505657205658
der_skip,tr_wavlm,sc,0.7482717103143423
coverage,tr_wavlm,sc,0.549865031679316
purity,tr_wavlm,sc,0.3724047148925993
der,tr_wavlm,sc,0.7901308112254474
der_skip,tr_wavlm,sc,0.7663961385293694
coverage,tr_wavlm,sc,0.42311776504673715
purity,tr_wavlm,sc,0.3401601648985408
der,tr_wavlm,ac,0.7070370158475896
der_skip,tr_wavlm,ac,0.6785465718311294
coverage,tr_wavlm,ac,0.5882270530272959
purity,tr_wavlm,ac,0.4518710723697545
der,tr_wavlm,ac,0.7453004483453018
der_skip,tr_wavlm,ac,0.7300154657335481
coverage,tr_wavlm,ac,0.603920856779816
purity,tr_wavlm,ac,0.3416865327409809
der,tr_wavlm,ac,0.7116695339895285
der_skip,tr_wavlm,ac,0.6921250531217098
coverage,tr_wavlm,ac,0.6778781011307372
purity,tr_wavlm,ac,0.3749323438496055
der,tr_wavlm,ac,0.7341055050797949
der_skip,tr_wavlm,ac,0.7159801604215927
coverage,tr_wavlm,ac,0.580784883029105
purity,tr_wavlm,ac,0.40697731559708655
der,tr_wavlm,ac,0.53163286115425
der_skip,tr_wavlm,ac,0.4725570243649559
coverage,tr_wavlm,ac,0.9670325728224995
purity,tr_wavlm,ac,0.6431833007175459
der,tr_wavlm,ac,0.7876066209693419
der_skip,tr_wavlm,ac,0.7837857874588879
coverage,tr_wavlm,ac,0.5878580864314012
purity,tr_wavlm,ac,0.3599499027019089
der,tr_wavlm,ac,0.6051493880370031
der_skip,tr_wavlm,ac,0.5851672682618244
coverage,tr_wavlm,ac,0.7389750670023549
purity,tr_wavlm,ac,0.4600699980118465
der,tr_wavlm,ac,0.7167572177648611
der_skip,tr_wavlm,ac,0.697141403946563
coverage,tr_wavlm,ac,0.6921557581700711
purity,tr_wavlm,ac,0.4398096434887833
der,tr_wavlm,ac,0.6690130112586447
der_skip,tr_wavlm,ac,0.6478068237318888
coverage,tr_wavlm,ac,0.6572433514044964
purity,tr_wavlm,ac,0.8197637349647885
der,tr_wavlm,ac,0.7109070533728069
der_skip,tr_wavlm,ac,0.7095998642329161
coverage,tr_wavlm,ac,0.6296857606523518
purity,tr_wavlm,ac,0.406380949136375
der,tr_wavlm,ac,0.7425605131450886
der_skip,tr_wavlm,ac,0.7368525349836903
coverage,tr_wavlm,ac,0.5790770980115583
purity,tr_wavlm,ac,0.39048184926511176
der,tr_wavlm,ac,0.7720123556815884
der_skip,tr_wavlm,ac,0.7678387351566995
coverage,tr_wavlm,ac,0.5471540851029644
purity,tr_wavlm,ac,0.4775019478059493
der,tr_wavlm,ac,0.780620402942116
der_skip,tr_wavlm,ac,0.7283855860543778
coverage,tr_wavlm,ac,0.655801112598871
purity,tr_wavlm,ac,0.3753771839222138
der,tr_wavlm,ac,0.7059616595263429
der_skip,tr_wavlm,ac,0.6587053002633133
coverage,tr_wavlm,ac,0.6982359941551294
purity,tr_wavlm,ac,0.46063914647522197
der,tr_wavlm,ac,0.7437835391478633
der_skip,tr_wavlm,ac,0.7415139987225073
coverage,tr_wavlm,ac,0.5293601876845981
purity,tr_wavlm,ac,0.3762018511614632
der,tr_wavlm,ac,0.7993051418685688
der_skip,tr_wavlm,ac,0.7761209287441327
coverage,tr_wavlm,ac,0.37804638235949617
purity,tr_wavlm,ac,0.3435995458099769
der,tr_wavlm,km,0.6850163052806231
der_skip,tr_wavlm,km,0.6468960600247838
coverage,tr_wavlm,km,0.642414053439809
purity,tr_wavlm,km,0.47220758159335097
der,tr_wavlm,km,0.7516884190128804
der_skip,tr_wavlm,km,0.7388470564350004
coverage,tr_wavlm,km,0.537557310910592
purity,tr_wavlm,km,0.33407228167955044
der,tr_wavlm,km,0.7103815889669186
der_skip,tr_wavlm,km,0.6927933088203603
coverage,tr_wavlm,km,0.7519395182080908
purity,tr_wavlm,km,0.3775784510650586
der,tr_wavlm,km,0.7561268982107949
der_skip,tr_wavlm,km,0.7315147053125126
coverage,tr_wavlm,km,0.4938140229080045
purity,tr_wavlm,km,0.38180182427809545
der,tr_wavlm,km,0.61414654807285
der_skip,tr_wavlm,km,0.5762592880594433
coverage,tr_wavlm,km,0.7792993973310375
purity,tr_wavlm,km,0.6459862198303967
der,tr_wavlm,km,0.7546395274514557
der_skip,tr_wavlm,km,0.75009435488219
coverage,tr_wavlm,km,0.7885487827892049
purity,tr_wavlm,km,0.36893722743275936
der,tr_wavlm,km,0.6632377258751109
der_skip,tr_wavlm,km,0.6472444460983147
coverage,tr_wavlm,km,0.7221106006730252
purity,tr_wavlm,km,0.3942546112034325
der,tr_wavlm,km,0.6692210499715705
der_skip,tr_wavlm,km,0.6495180043073647
coverage,tr_wavlm,km,0.5228219519149846
purity,tr_wavlm,km,0.4637981321170378
der,tr_wavlm,km,0.7102661307221905
der_skip,tr_wavlm,km,0.6922343419308328
coverage,tr_wavlm,km,0.5700171018285809
purity,tr_wavlm,km,0.8197637349647885
der,tr_wavlm,km,0.7173270666421351
der_skip,tr_wavlm,km,0.7164259315130486
coverage,tr_wavlm,km,0.572534569010609
purity,tr_wavlm,km,0.40636391510237513
der,tr_wavlm,km,0.743294489328093
der_skip,tr_wavlm,km,0.7399652449620441
coverage,tr_wavlm,km,0.546835980511396
purity,tr_wavlm,km,0.38656102012716026
der,tr_wavlm,km,0.7328083856593087
der_skip,tr_wavlm,km,0.7129268913075498
coverage,tr_wavlm,km,0.5818928580992436
purity,tr_wavlm,km,0.4928592361741525
der,tr_wavlm,km,0.7382518431447123
der_skip,tr_wavlm,km,0.6719656563028494
coverage,tr_wavlm,km,0.586612923263807
purity,tr_wavlm,km,0.38836136014004574
der,tr_wavlm,km,0.7288924048869893
der_skip,tr_wavlm,km,0.698547523995582
coverage,tr_wavlm,km,0.5874508533811368
purity,tr_wavlm,km,0.42770964203808987
der,tr_wavlm,km,0.7436396844895585
der_skip,tr_wavlm,km,0.7455867140733372
coverage,tr_wavlm,km,0.5531288306551514
purity,tr_wavlm,km,0.376406666390511
der,tr_wavlm,km,0.7946169915866268
der_skip,tr_wavlm,km,0.7623782178921911
coverage,tr_wavlm,km,0.5511844675467678
purity,tr_wavlm,km,0.33859926119221845
